SET @TEXT_ID := 601083;
DELETE FROM `npc_text` WHERE `ID` IN  (@TEXT_ID,@TEXT_ID+1);
INSERT INTO `npc_text` (`ID`, `text0_0`) VALUES
(@TEXT_ID, 'Transmogrification allows you to change how your items look like without changing the stats of the items.\r\nItems used in transmogrification are no longer refundable, tradeable and are bound to you.\r\nUpdating a menu updates the view and prices.\r\n\r\nNot everything can be transmogrified with each other.\r\nRestrictions include but are not limited to:\r\nOnly armor and weapons can be transmogrified\r\nGuns, bows and crossbows can be transmogrified with each other\r\nFishing poles can not be transmogrified\r\nYou must be able to equip both items used in the process.\r\n\r\nTransmogrifications stay on your items as long as you own them.\r\nIf you try to put the item in guild bank or mail it to someone else, the transmogrification is stripped.\r\n\r\nYou can also remove transmogrifications for free at the transmogrifier.'),
(@TEXT_ID+1, 'You can save your own transmogrification sets.\r\n\r\nTo save, first you must transmogrify your equipped items.\r\nThen when you go to the set management menu and go to save set menu,\r\nall items you have transmogrified are displayed so you see what you are saving.\r\nIf you think the set is fine, you can click to save the set and name it as you wish.\r\n\r\nTo use a set you can click the saved set in the set management menu and then select use set.\r\nIf the set has a transmogrification for an item that is already transmogrified, the old transmogrification is lost.\r\nNote that the same transmogrification restrictions apply when trying to use a set as in normal transmogrification.\r\n\r\nTo delete a set you can go to the set\'s menu and select delete set.');

DELETE FROM `npc_text_locale` WHERE `ID` IN  (@TEXT_ID,@TEXT_ID+1);
INSERT INTO `npc_text_locale` (`ID`, `Locale`, `Text0_0`) VALUES
(@TEXT_ID, 'koKR', '형상변환을 사용하면 아이템의 능력치를 변경하지 않고도 아이템의 모양을 변경할 수 있습니다.\r\n형변환에 사용된 아이템은 더 이상 환불 및 거래가 불가능하며 귀속됩니다.\r\n메뉴를 업데이트하면 보기 및 가격이 업데이트됩니다.\r\n\r\n모든 것을 서로 형상변환할 수 있는 것은 아닙니다.\r\n제한사항에는 다음이 포함되지만 이에 국한되지는 않습니다:\r\n갑옷과 무기만 형상변환할 수 있습니다.\r\n총, 활, 석궁은 서로 형상변환할 수 있습니다 \r\n낚싯대는 형상변환할 수 없습니다.\r\n이 과정에서 사용되는 두 아이템을 장착할 수 있어야 합니다.\r\n\r\n변환은 아이템을 소유하고 있는 동안 유지됩니다.\r\n시도하면 아이템을 길드 은행에 넣거나 다른 사람에게 우편으로 보내면 형상변환이 제거됩니다.\r\n\r\n변환기에서 무료로 형상변환을 제거할 수도 있습니다.'),
(@TEXT_ID+1, 'koKR', '나만의 형상변환 세트를 저장할 수 있습니다.\r\n\r\n저장하려면 먼저 장착한 아이템을 형상변환해야 합니다.\r\n그 다음 세트 관리 메뉴에서 세트 저장 메뉴로 이동하면\r\n모든 아이템이 변환한 항목이 표시되어 저장 중인 항목을 볼 수 있습니다.\r\n세트가 괜찮다고 생각되면 클릭하여 세트를 저장하고 원하는 이름을 지정할 수 있습니다.\r\n\r\n세트를 사용하려면 세트 관리 메뉴에서 저장된 세트를 클릭한 다음 세트 사용을 선택할 수 있습니다.\r\n세트에 이미 형상변환된 아이템에 대한 형상변환이 있는 경우 이전 형상변환은 손실됩니다.\r\n다음과 같은 경우 동일한 형상변환 제한이 적용됩니다. 일반 형상변환에서와 같이 세트를 사용하려고 합니다.\r\n\r\n세트를 삭제하려면 세트 메뉴로 이동하여 세트 삭제를 선택하면 됩니다.'),
(@TEXT_ID, 'frFR', 'La transmogrification vous permet de modifier l''apparence de vos objets sans modifier les statistiques des objets.\\r\\nLes objets utilisés dans la transmogrification ne sont plus remboursables, échangeables et vous sont liés.\\r\\nLa mise à jour d''un menu met à jour la vue et les prix.\\ r\\n\\r\\nTout ne peut pas être transmogrifié les uns avec les autres.\\r\\nLes restrictions incluent, mais ne sont pas limitées à :\\r\\nSeules les armures et les armes peuvent être transmogrifiées\\r\\nLes fusils, les arcs et les arbalètes peuvent être transmogrifiés les uns avec les autres \\r\\nLes cannes à pêche ne peuvent pas être transmogrifiées\\r\\nVous devez être capable d''équiper les deux objets utilisés dans le processus.\\r\\n\\r\\nLes transmogrifications restent sur vos objets tant que vous les possédez.\\r\\nSi vous essayez pour mettre l''objet dans la banque de guilde ou l''envoyer à quelqu''un d''autre, la transmogrification est supprimée.\\r\\n\\r\\nVous pouvez également supprimer les transmogrifications gratuitement sur le transmogrificateur.'),
(@TEXT_ID+1, 'frFR', 'Vous pouvez enregistrer vos propres ensembles de transmogrification.\r\n\r\nPour enregistrer, vous devez d''abord transmogrifier vos objets équipés.\r\nEnsuite, lorsque vous accédez au menu de gestion des ensembles et accédez au menu de sauvegarde,\r\ntous les objets vous avez transmogrifié sont affichés afin que vous puissiez voir ce que vous enregistrez.\r\nSi vous pensez que l''ensemble est correct, vous pouvez cliquer pour enregistrer l''ensemble et le nommer comme vous le souhaitez.\r\n\r\nPour utiliser un ensemble, vous pouvez cliquer sur l''ensemble enregistré dans le menu de gestion de l''ensemble, puis sélectionnez utiliser l''ensemble.\r\nSi l''ensemble a une transmogrification pour un élément déjà transmogrifié, l''ancienne transmogrification est perdue.\r\nNotez que les mêmes restrictions de transmogrification s''appliquent lorsque essayer d''utiliser un ensemble comme dans une transmogrification normale.\r\n\r\nPour supprimer un ensemble, vous pouvez aller dans le menu de l''ensemble et sélectionner supprimer l''ensemble.'),
(@TEXT_ID, 'deDE', 'Mit der Transmogrifizierung können Sie das Aussehen Ihrer Gegenstände ändern, ohne die Werte der Gegenstände zu ändern.\r\nBei der Transmogrifizierung verwendete Gegenstände sind nicht mehr erstattungsfähig, handelbar und an Sie gebunden.\r\nDurch das Aktualisieren eines Menüs werden die Ansicht und die Preise aktualisiert.\ r\n\r\nNicht alles kann miteinander transmogrifiziert werden.\r\nZu den Einschränkungen gehören unter anderem:\r\nNur Rüstungen und Waffen können miteinander transmogrifiziert werden.\r\nWaffen, Bögen und Armbrüste können miteinander transmogrifiziert werden \r\nAngelruten können nicht transmogrifiziert werden.\r\nSie müssen in der Lage sein, beide dabei verwendeten Gegenstände auszurüsten.\r\n\r\nTransmogrifikationen bleiben auf Ihren Gegenständen, solange Sie sie besitzen.\r\nWenn Sie es versuchen Um den Gegenstand in die Gildenbank zu legen oder an jemand anderen zu verschicken, wird die Transmogrifikation entfernt.\r\n\r\nSie können Transmogrifikationen auch kostenlos beim Transmogrifizierer entfernen.'),
(@TEXT_ID+1, 'deDE', 'Sie können Ihre eigenen Transmogrifikationssets speichern.\r\n\r\nZum Speichern müssen Sie zuerst Ihre ausgerüsteten Gegenstände transmogrifizieren.\r\nWenn Sie dann zum Set-Verwaltungsmenü gehen und zum Set-Speichermenü gehen,\r\nalle Gegenstände Sie werden angezeigt, sodass Sie sehen, was Sie speichern.\r\nWenn Sie der Meinung sind, dass das Set in Ordnung ist, können Sie auf klicken, um das Set zu speichern und es nach Ihren Wünschen zu benennen.\r\n\r\nSo verwenden Sie ein Set Sie können im Setverwaltungsmenü auf das gespeicherte Set klicken und dann „Set verwenden“ auswählen.\r\nWenn das Set eine Transmogrifizierung für einen Gegenstand hat, der bereits transmogrifiziert ist, geht die alte Transmogrifizierung verloren.\r\nBeachten Sie, dass die gleichen Transmogrifizierungsbeschränkungen gelten, wenn Ich versuche, ein Set wie bei der normalen Transmogrifizierung zu verwenden.\r\n\r\nUm ein Set zu löschen, gehen Sie zum Menü des Sets und wählen Sie „Set löschen“.'),
(@TEXT_ID, 'zhCN', '变形允许您更改物品的外观，而无需更改物品的统计信息。\r\n变形中使用的物品不再可退款、可交易并且与您绑定。\r\n更新菜单会更新视图和价格。\ r\n\r\n并不是所有东西都可以互相变形。\r\n限制包括但不限于：\r\n只有盔甲和武器可以变形\r\n枪、弓、弩可以互相变形 \r\n鱼竿无法变形\r\n您必须能够装备在此过程中使用的两个物品。\r\n\r\n只要您拥有它们，变形就会保留在您的物品上。\r\n如果您尝试 将物品放入公会银行或邮寄给其他人时，变形会被剥离。\r\n\r\n您也可以在变形器处免费移除变形。'),
(@TEXT_ID+1, 'zhCN', '您可以保存自己的变形套装。\r\n\r\n要保存，首先必须变形您装备的物品。\r\n然后当您进入套装管理菜单并进入保存套装菜单时，\r\n所有物品 将显示您已经变形的内容，以便您看到正在保存的内容。\r\n如果您认为该集合没问题，可以单击以保存该集合并根据需要命名它。\r\n\r\n要使用您的集合 可以在集合管理菜单中单击已保存的集合，然后选择使用集合。\r\n如果该集合对已变形的项目有变形，则旧的变形将丢失。\r\n请注意，以下情况适用相同的变形限制： 尝试像正常变形一样使用集合。\r\n\r\n要删除集合，您可以转到集合的菜单并选择删除集合。'),
(@TEXT_ID, 'zhTW', '變身術讓你能夠改變物品的外觀，而不改變物品的屬性。\r\n在變身術中使用的物品將不再可退款、可交易，並且將綁定於你。\r\n更新菜單將更新視圖和價格。\r\n\r\n並非所有物品都可以互相變身。\r\n限制條件包括但不限於：\r\n只有盔甲和武器可以變身。\r\n槍械、弓和弩可以互相變身。\r\n釣魚竿無法進行變身。\r\n你必須能夠裝備在此過程中使用的兩件物品。\r\n\r\n變身效果會持續存在於你的物品上，只要你擁有它們。\r\n如果你試圖將物品放入公會銀行或郵寄給他人，將會去除變身效果。\r\n\r\n你也可以在變身術轉化師處免費移除變身效果。'),
(@TEXT_ID+1, 'zhTW', '你可以保存自己的變身套裝。\r\n\r\n要保存，首先必須對你裝備的物品進行變身。\r\n然後，當你進入套裝管理菜單並進入保存套裝菜單時，\r\n所有你已經變身的物品都會顯示出來，這樣你就可以看到你正在保存的內容。\r\n如果你認為這套裝很好，你可以點擊保存套裝並按你的意願命名。\r\n\r\n要使用一個套裝，你可以在套裝管理菜單中點擊已保存的套裝，然後選擇使用套裝。\r\n如果該套裝中的物品已經有變身效果，舊的變身效果將會遺失。\r\n請注意，當嘗試使用套裝時，與普通變身相同的限制將適用。\r\n\r\n要刪除一個套裝，你可以進入套裝的菜單，然後選擇刪除套裝。'),
(@TEXT_ID, 'esES', 'La transfiguración permite cambiar la apariencia de tus objetos sin cambiar sus estadísticas.\r\nLos objetos utilizados en la transfiguración ya no son reembolsables, intercambiables y están vinculados a usted.\r\nActualizar un menú actualiza la vista y los precios.\ r\n\r\nNo todo se puede transfigurar entre sí.\r\nLas restricciones incluyen, pero no se limitan a:\r\nSolo se pueden transfigurar armaduras y armas\r\nArmas, arcos y ballestas se pueden transfigurar entre sí \r\nLas cañas de pescar no se pueden transfigurar.\r\nDebes poder equipar ambos elementos utilizados en el proceso.\r\n\r\nLas transfiguraciones permanecen en tus elementos mientras los tengas.\r\nSi lo intentas para poner el artículo en el banco del gremio o enviarlo por correo a otra persona, la transfiguración se elimina.\r\n\r\nTambién puedes eliminar las transfiguraciones de forma gratuita en el transfigurador.'),
(@TEXT_ID+1, 'esES', 'Puede guardar sus propios conjuntos de transfiguración.\r\n\r\nPara guardar, primero debe transfigurar sus elementos equipados.\r\nLuego, cuando vaya al menú de administración de conjuntos y vaya al menú Guardar conjunto,\r\ntodos los elementos que ha transfigurado se muestran para que vea lo que está guardando.\r\nSi cree que el conjunto está bien, puede hacer clic para guardar el conjunto y nombrarlo como desee.\r\n\r\nPara usar un conjunto puede hacer clic en el conjunto guardado en el menú de administración de conjuntos y luego seleccionar usar conjunto.\r\nSi el conjunto tiene una transfiguración para un elemento que ya está transfigurado, la transfiguración anterior se pierde.\r\nTenga en cuenta que se aplican las mismas restricciones de transfiguración cuando tratando de usar un conjunto como en la transfiguración normal.\r\n\r\nPara eliminar un conjunto, puede ir al menú del conjunto y seleccionar eliminar conjunto.'),
(@TEXT_ID, 'esMX', 'La transfiguración permite cambiar la apariencia de tus objetos sin cambiar sus estadísticas.\r\nLos objetos utilizados en la transfiguración ya no son reembolsables, intercambiables y están vinculados a usted.\r\nActualizar un menú actualiza la vista y los precios.\ r\n\r\nNo todo se puede transfigurar entre sí.\r\nLas restricciones incluyen, pero no se limitan a:\r\nSolo se pueden transfigurar armaduras y armas\r\nArmas, arcos y ballestas se pueden transfigurar entre sí \r\nLas cañas de pescar no se pueden transfigurar.\r\nDebes poder equipar ambos elementos utilizados en el proceso.\r\n\r\nLas transfiguraciones permanecen en tus elementos mientras los tengas.\r\nSi lo intentas para poner el artículo en el banco del gremio o enviarlo por correo a otra persona, la transfiguración se elimina.\r\n\r\nTambién puedes eliminar las transfiguraciones de forma gratuita en el transfigurador.'),
(@TEXT_ID+1, 'esMX', 'Puede guardar sus propios conjuntos de transfiguración.\r\n\r\nPara guardar, primero debe transfigurar sus elementos equipados.\r\nLuego, cuando vaya al menú de administración de conjuntos y vaya al menú Guardar conjunto,\r\ntodos los elementos que ha transfigurado se muestran para que vea lo que está guardando.\r\nSi cree que el conjunto está bien, puede hacer clic para guardar el conjunto y nombrarlo como desee.\r\n\r\nPara usar un conjunto puede hacer clic en el conjunto guardado en el menú de administración de conjuntos y luego seleccionar usar conjunto.\r\nSi el conjunto tiene una transfiguración para un elemento que ya está transfigurado, la transfiguración anterior se pierde.\r\nTenga en cuenta que se aplican las mismas restricciones de transfiguración cuando tratando de usar un conjunto como en la transfiguración normal.\r\n\r\nPara eliminar un conjunto, puede ir al menú del conjunto y seleccionar eliminar conjunto.'),
(@TEXT_ID, 'ruRU', 'Трансмогрификация позволяет вам изменить внешний вид ваших предметов без изменения характеристик предметов.\r\nПредметы, использованные в трансмогрификации, больше не подлежат возврату, обмену и привязаны к вам.\r\nОбновление меню обновляет вид и цены.\ r\n\r\nНе все можно трансмогрифицировать друг с другом.\r\nОграничения включают, но не ограничиваются:\r\nМожно трансмогрифицировать только доспехи и оружие\r\nОружие, луки и арбалеты можно трансмогрифицировать друг с другом \r\nУдочки не могут быть трансмогрифицированы\r\nВы должны быть в состоянии экипировать оба предмета, используемые в процессе.\r\n\r\nПреобразования остаются на ваших предметах, пока они у вас есть.\r\nЕсли вы попытаетесь чтобы положить предмет в банк гильдии или отправить кому-то другому, трансмогрификация снимается.\r\n\r\nВы также можете бесплатно удалить трансмогрификацию в трансмогрификаторе.'),
(@TEXT_ID+1, 'ruRU', 'Вы можете сохранять свои собственные наборы для трансмогрификации.\r\n\r\nЧтобы сохранить, сначала вы должны трансмогрифицировать свои экипированные предметы.\r\nЗатем, когда вы перейдете в меню управления наборами и перейдете в меню сохранения набора,\r\nвсе предметы которые вы преобразовали, отображаются так, что вы видите, что вы сохраняете.\r\nЕсли вы считаете, что набор в порядке, вы можете нажать, чтобы сохранить набор и назвать его по своему желанию.\r\n\r\nЧтобы использовать набор, можно щелкнуть сохраненный набор в меню управления набором, а затем выбрать использовать набор.\r\nЕсли в наборе есть трансмогрификация предмета, который уже трансмогрифицирован, старая трансмогрификация теряется.\r\nОбратите внимание, что те же ограничения на трансмогрификацию применяются, когда пытается использовать набор, как при обычной трансмогрификации.\r\n\r\nЧтобы удалить набор, вы можете перейти в меню набора и выбрать удалить набор.');

DELETE FROM `module_string` WHERE `module` = 'mod-transmog';
DELETE FROM `module_string_locale` WHERE `module` = 'mod-transmog';
INSERT INTO `module_string` (`module`, `id`, `string`) VALUES
-- Transmog result strings
('mod-transmog',  1, 'Item successfully transmogrified.'),
('mod-transmog',  2, 'Equipment slot is empty.'),
('mod-transmog',  3, 'Invalid source item selected.'),
('mod-transmog',  4, 'Source item does not exist.'),
('mod-transmog',  5, 'Destination item does not exist.'),
('mod-transmog',  6, 'Selected items are invalid.'),
('mod-transmog',  7, 'You don''t have enough money.'),
('mod-transmog',  8, 'You don''t have enough tokens.'),
('mod-transmog',  9, 'All your transmogrifications were removed.'),
('mod-transmog', 10, 'No transmogrification found.'),
('mod-transmog', 11, 'Invalid name inserted.'),
-- Command strings
('mod-transmog', 12, 'Showing transmogrified items, relog to update the current area.'),
('mod-transmog', 13, 'Hiding transmogrified items, relog to update the current area.'),
('mod-transmog', 14, 'The selected item is not suitable for transmogrification.'),
('mod-transmog', 15, 'The selected item cannot be used for transmogrification of the target player.'),
('mod-transmog', 16, 'Performing transmog appearance sync...'),
('mod-transmog', 17, 'Appearance sync complete.'),
('mod-transmog', 18, 'The transmog NPC will now display available appearances as a vendor interface, allowing preview. \nDISCLAIMER: If you have too many appearances, some will not be displayed due to a client limitation. In that case, disable this option.'),
('mod-transmog', 19, 'The transmog NPC will now display available appearances as gossip list.'),
-- Gossip/UI strings
('mod-transmog', 20, 'How does transmogrification work?'),
('mod-transmog', 21, 'Manage sets'),
('mod-transmog', 22, 'Remove all transmogrifications'),
('mod-transmog', 23, 'Remove transmogrifications from all equipped items?'),
('mod-transmog', 24, 'Update menu'),
('mod-transmog', 25, 'How do sets work?'),
('mod-transmog', 26, 'Save set'),
('mod-transmog', 27, 'Back...'),
('mod-transmog', 28, 'Use this set'),
('mod-transmog', 29, 'Using this set for transmogrify will bind transmogrified items to you and make them non-refundable and non-tradeable.\nDo you wish to continue?\n\n'),
('mod-transmog', 30, 'Delete set'),
('mod-transmog', 31, 'Are you sure you want to delete '),
('mod-transmog', 32, 'Insert set name'),
('mod-transmog', 33, 'Search...'),
('mod-transmog', 34, 'Searching for: '),
('mod-transmog', 35, 'Search for what item?'),
('mod-transmog', 36, 'You are hiding the item in this slot.\nDo you wish to continue?\n\n'),
('mod-transmog', 37, 'Hide Slot'),
('mod-transmog', 38, 'Remove transmogrification from the slot?'),
('mod-transmog', 39, 'Using this item for transmogrify will bind it to you and make it non-refundable and non-tradeable.\nDo you wish to continue?\n\n'),
('mod-transmog', 40, 'Previous Page'),
('mod-transmog', 41, 'Next Page'),
('mod-transmog', 42, 'has been added to your appearance collection.'),
-- Disclaimer strings
('mod-transmog', 43, '|cFF4DB3FFSet bonuses won''t appear in the item tooltip while transmogrified, but they are still fully active.\nTo stop seeing this notice, type |cFFFFFFFF.transmog disclaimer off|cFF4DB3FF.|r'),
('mod-transmog', 44, 'Set bonus disclaimer enabled.'),
('mod-transmog', 45, 'Set bonus disclaimer disabled.');

INSERT INTO `module_string_locale` (`module`, `id`, `locale`, `string`) VALUES
-- ID 1: OK
('mod-transmog',  1, 'koKR', '성공적으로 형상변환된 아이템'),
('mod-transmog',  1, 'frFR', 'Objet transmogrifié avec succès'),
('mod-transmog',  1, 'deDE', 'Gegenstand erfolgreich transmogrifiziert'),
('mod-transmog',  1, 'zhCN', '物品变形成功'),
('mod-transmog',  1, 'zhTW', '物品變身成功。'),
('mod-transmog',  1, 'esES', 'Objeto transfigurado con éxito'),
('mod-transmog',  1, 'esMX', 'Objeto transfigurado con éxito'),
('mod-transmog',  1, 'ruRU', 'Предмет успешно трансмогрифицирован'),
-- ID 2: INVALID_SLOT
('mod-transmog',  2, 'koKR', '장비 슬롯이 비어 있습니다.'),
('mod-transmog',  2, 'frFR', 'L''emplacement d''équipement est vide.'),
('mod-transmog',  2, 'deDE', 'Der Ausrüstungsplatz ist leer.'),
('mod-transmog',  2, 'zhCN', '装备槽是空的。'),
('mod-transmog',  2, 'zhTW', '裝備欄位是空的。'),
('mod-transmog',  2, 'esES', 'La ranura de equipo está vacía.'),
('mod-transmog',  2, 'esMX', 'La ranura de equipo está vacía.'),
('mod-transmog',  2, 'ruRU', 'Слот снаряжения пуст.'),
-- ID 3: INVALID_SRC_ENTRY
('mod-transmog',  3, 'koKR', '선택한 소스 요소가 잘못되었습니다.'),
('mod-transmog',  3, 'frFR', 'Élément source sélectionné non valide.'),
('mod-transmog',  3, 'deDE', 'Ungültiges ausgewähltes Quellelement.'),
('mod-transmog',  3, 'zhCN', '所选源元素无效。'),
('mod-transmog',  3, 'zhTW', '選擇的來源物品無效。'),
('mod-transmog',  3, 'esES', 'Elemento fuente seleccionado no válido.'),
('mod-transmog',  3, 'esMX', 'Elemento fuente seleccionado no válido.'),
('mod-transmog',  3, 'ruRU', 'Недопустимый выбранный исходный элемент.'),
-- ID 4: MISSING_SRC_ITEM
('mod-transmog',  4, 'koKR', '소스 요소가 존재하지 않습니다.'),
('mod-transmog',  4, 'frFR', 'L''élément source n''existe pas.'),
('mod-transmog',  4, 'deDE', 'Das Quellelement existiert nicht.'),
('mod-transmog',  4, 'zhCN', '源元素不存在。'),
('mod-transmog',  4, 'zhTW', '來源物品不存在。'),
('mod-transmog',  4, 'esES', 'El elemento de origen no existe.'),
('mod-transmog',  4, 'esMX', 'El elemento de origen no existe.'),
('mod-transmog',  4, 'ruRU', 'Исходный элемент не существует.'),
-- ID 5: MISSING_DEST_ITEM
('mod-transmog',  5, 'koKR', '대상 요소가 존재하지 않습니다.'),
('mod-transmog',  5, 'frFR', 'L''élément cible n''existe pas.'),
('mod-transmog',  5, 'deDE', 'Das Zielelement existiert nicht.'),
('mod-transmog',  5, 'zhCN', '目标元素不存在。'),
('mod-transmog',  5, 'zhTW', '目標物品不存在。'),
('mod-transmog',  5, 'esES', 'El elemento de destino no existe.'),
('mod-transmog',  5, 'esMX', 'El elemento de destino no existe.'),
('mod-transmog',  5, 'ruRU', 'Целевой элемент не существует.'),
-- ID 6: INVALID_ITEMS
('mod-transmog',  6, 'koKR', '선택한 항목이 잘못되었습니다.'),
('mod-transmog',  6, 'frFR', 'Les éléments sélectionnés ne sont pas valides'),
('mod-transmog',  6, 'deDE', 'Die ausgewählten Elemente sind ungültig'),
('mod-transmog',  6, 'zhCN', '所选项目无效'),
('mod-transmog',  6, 'zhTW', '所選物品無效。'),
('mod-transmog',  6, 'esES', 'Los elementos seleccionados no son válidos'),
('mod-transmog',  6, 'esMX', 'Los elementos seleccionados no son válidos'),
('mod-transmog',  6, 'ruRU', 'Выбранные элементы недействительны'),
-- ID 7: NOT_ENOUGH_MONEY
('mod-transmog',  7, 'koKR', '당신은 돈이 충분하지 않습니다.'),
('mod-transmog',  7, 'frFR', 'Vous n''avez pas assez d''argent.'),
('mod-transmog',  7, 'deDE', 'Du hast nicht genug Geld.'),
('mod-transmog',  7, 'zhCN', '你没有足够的钱。'),
('mod-transmog',  7, 'zhTW', '你沒有足夠的金錢。'),
('mod-transmog',  7, 'esES', 'No tienes suficiente dinero.'),
('mod-transmog',  7, 'esMX', 'No tienes suficiente dinero.'),
('mod-transmog',  7, 'ruRU', 'У вас недостаточно денег.'),
-- ID 8: NOT_ENOUGH_TOKENS
('mod-transmog',  8, 'koKR', '칩이 충분하지 않습니다.'),
('mod-transmog',  8, 'frFR', 'Vous n''avez pas assez de jetons.'),
('mod-transmog',  8, 'deDE', 'Du hast nicht genug Chips.'),
('mod-transmog',  8, 'zhCN', '你的筹码不够。'),
('mod-transmog',  8, 'zhTW', '你沒有足夠的代幣。'),
('mod-transmog',  8, 'esES', 'No tienes suficientes fichas.'),
('mod-transmog',  8, 'esMX', 'No tienes suficientes fichas.'),
('mod-transmog',  8, 'ruRU', 'У вас недостаточно фишек.'),
-- ID 9: UNTRANSMOG_OK
('mod-transmog',  9, 'koKR', '모든 형상변환을 제거했습니다.'),
('mod-transmog',  9, 'frFR', 'Suppression de toutes vos transmogrifications'),
('mod-transmog',  9, 'deDE', 'Alle deine Transmogrifikationen wurden entfernt'),
('mod-transmog',  9, 'zhCN', '删除了你所有的变形'),
('mod-transmog',  9, 'zhTW', '你的所有變身效果都被移除了。'),
('mod-transmog',  9, 'esES', 'Se eliminaron todas tus transfiguraciones'),
('mod-transmog',  9, 'esMX', 'Se eliminaron todas tus transfiguraciones'),
('mod-transmog',  9, 'ruRU', 'Удалены все ваши трансмогрификации'),
-- ID 10: UNTRANSMOG_NO_TRANSMOGS
('mod-transmog', 10, 'koKR', '변형이 없습니다.'),
('mod-transmog', 10, 'frFR', 'Aucune transfiguration trouvée.'),
('mod-transmog', 10, 'deDE', 'Keine Verwandlung gefunden.'),
('mod-transmog', 10, 'zhCN', '没有发现变形。'),
('mod-transmog', 10, 'zhTW', '找不到變身效果。'),
('mod-transmog', 10, 'esES', 'No se encontró transfiguración.'),
('mod-transmog', 10, 'esMX', 'No se encontró transfiguración.'),
('mod-transmog', 10, 'ruRU', 'Трансфигурация не найдена.'),
-- ID 11: PRESET_ERR_INVALID_NAME
('mod-transmog', 11, 'koKR', '삽입된 이름이 잘못되었습니다.'),
('mod-transmog', 11, 'frFR', 'Nom inséré non valide.'),
('mod-transmog', 11, 'deDE', 'Ungültiger eingegebener Name.'),
('mod-transmog', 11, 'zhCN', '插入的名称无效。'),
('mod-transmog', 11, 'zhTW', '插入的名稱無效。'),
('mod-transmog', 11, 'esES', 'Nombre insertado no válido.'),
('mod-transmog', 11, 'esMX', 'Nombre insertado no válido.'),
('mod-transmog', 11, 'ruRU', 'Недопустимое вставленное имя.'),
-- ID 12: CMD_SHOW
('mod-transmog', 12, 'koKR', '형상변환된 아이템이 표시되며, 현재 영역을 새로고침하려면 다시 로그인하세요.'),
('mod-transmog', 12, 'frFR', 'En affichant les objets transmogrifiés, reconnectez-vous pour actualiser la zone actuelle.'),
('mod-transmog', 12, 'deDE', 'Transmogrifizierte Gegenstände werden angezeigt. Melden Sie sich erneut an, um den aktuellen Bereich zu aktualisieren.'),
('mod-transmog', 12, 'zhCN', '显示已变形物品，重新登录即可刷新当前区域。'),
('mod-transmog', 12, 'zhTW', '顯示已變身的物品，重新登錄以更新當前區域。'),
('mod-transmog', 12, 'esES', 'Mostrando elementos transfigurados, vuelva a iniciar sesión para actualizar el área actual.'),
('mod-transmog', 12, 'esMX', 'Mostrando elementos transfigurados, vuelva a iniciar sesión para actualizar el área actual.'),
('mod-transmog', 12, 'ruRU', 'Отображение трансмогрифицированных предметов. Войдите в систему еще раз, чтобы обновить текущую область.'),
-- ID 13: CMD_HIDE
('mod-transmog', 13, 'koKR', '형상변환된 아이템을 숨기고 다시 로그인하여 현재 영역을 새로 고칩니다.'),
('mod-transmog', 13, 'frFR', 'Masquez les objets transmogrifiés, reconnectez-vous pour actualiser la zone actuelle.'),
('mod-transmog', 13, 'deDE', 'Transmogrifizierte Gegenstände ausblenden, erneut anmelden, um den aktuellen Bereich zu aktualisieren.'),
('mod-transmog', 13, 'zhCN', '隐藏变形物品，重新登录以刷新当前区域。'),
('mod-transmog', 13, 'zhTW', '隱藏已變身的物品，重新登錄以更新當前區域。'),
('mod-transmog', 13, 'esES', 'Ocultar elementos transfigurados, volver a iniciar sesión para actualizar el área actual.'),
('mod-transmog', 13, 'esMX', 'Ocultar elementos transfigurados, volver a iniciar sesión para actualizar el área actual.'),
('mod-transmog', 13, 'ruRU', 'Скройте трансмогрифицированные предметы, войдите в систему, чтобы обновить текущую область.'),
-- ID 14: CMD_ADD_UNSUITABLE
('mod-transmog', 14, 'koKR', '선택한 항목은 변형에 적합하지 않습니다.'),
('mod-transmog', 14, 'frFR', 'L''objet sélectionné ne convient pas à la métamorphose.'),
('mod-transmog', 14, 'deDE', 'Der ausgewählte Gegenstand ist nicht für die Verwandlung geeignet.'),
('mod-transmog', 14, 'zhCN', '所选项目不适合变形。'),
('mod-transmog', 14, 'zhTW', '所選物品不適合進行變身。'),
('mod-transmog', 14, 'esES', 'El elemento seleccionado no es adecuado para la transfiguración.'),
('mod-transmog', 14, 'esMX', 'El elemento seleccionado no es adecuado para la transfiguración.'),
('mod-transmog', 14, 'ruRU', 'Выбранный предмет не подходит для преображения.'),
-- ID 15: CMD_ADD_FORBIDDEN
('mod-transmog', 15, 'koKR', '선택한 아이템은 대상 플레이어의 형상변환에 사용할 수 없습니다.'),
('mod-transmog', 15, 'frFR', 'L''objet sélectionné ne peut pas être utilisé pour la transmogrification du joueur ciblé'),
('mod-transmog', 15, 'deDE', 'Der ausgewählte Gegenstand kann nicht für die Transmogrifizierung des Zielspielers verwendet werden'),
('mod-transmog', 15, 'zhCN', '所选物品不能用于目标玩家的变身'),
('mod-transmog', 15, 'zhTW', '所選物品不能用於目標玩家的變身效果。'),
('mod-transmog', 15, 'esES', 'El elemento seleccionado no se puede usar para la transfiguración del jugador objetivo'),
('mod-transmog', 15, 'esMX', 'El elemento seleccionado no se puede usar para la transfiguración del jugador objetivo'),
('mod-transmog', 15, 'ruRU', 'Выбранный предмет нельзя использовать для трансмогрификации целевого игрока.'),
-- ID 16: CMD_BEGIN_SYNC
('mod-transmog', 16, 'koKR', '형상변환 모양 동기화 수행 중...'),
('mod-transmog', 16, 'frFR', 'Exécution de la synchronisation de l''apparence de transmogrification...'),
('mod-transmog', 16, 'deDE', 'Synchronisierung des Transmog-Erscheinungsbilds wird durchgeführt ...'),
('mod-transmog', 16, 'zhCN', '正在执行 Transmog 外观同步...'),
('mod-transmog', 16, 'zhTW', '正在執行外觀同步變身操作...'),
('mod-transmog', 16, 'esES', 'Realizando sincronización de apariencia de transfiguración...'),
('mod-transmog', 16, 'esMX', 'Realizando sincronización de apariencia de transfiguración...'),
('mod-transmog', 16, 'ruRU', 'Выполнение синхронизации внешнего вида Transmog...'),
-- ID 17: CMD_COMPLETE_SYNC
('mod-transmog', 17, 'koKR', '전체 모양 동기화'),
('mod-transmog', 17, 'frFR', 'Synchronisation complète de l''apparence'),
('mod-transmog', 17, 'deDE', 'Vollständige Synchronisierung des Erscheinungsbilds'),
('mod-transmog', 17, 'zhCN', '完全外观同步'),
('mod-transmog', 17, 'zhTW', '外觀同步變身操作完成。'),
('mod-transmog', 17, 'esES', 'Sincronización de apariencia completa'),
('mod-transmog', 17, 'esMX', 'Sincronización de apariencia completa'),
('mod-transmog', 17, 'ruRU', 'Полная синхронизация внешнего вида'),
-- ID 20: HOWWORKS
('mod-transmog', 20, 'koKR', '형상변환은 어떻게 작동합니까?'),
('mod-transmog', 20, 'frFR', 'Comment fonctionne la transmogrification ?'),
('mod-transmog', 20, 'deDE', 'Wie funktioniert Transmogrifizierung?'),
('mod-transmog', 20, 'zhCN', '变形术是如何运作的？'),
('mod-transmog', 20, 'zhTW', '幻化是如何運作的？'),
('mod-transmog', 20, 'esES', '¿Cómo funciona la transfiguración?'),
('mod-transmog', 20, 'esMX', '¿Cómo funciona la transfiguración?'),
('mod-transmog', 20, 'ruRU', 'Как работает трансмогрификация?'),
-- ID 21: MANAGESETS
('mod-transmog', 21, 'koKR', '세트 관리'),
('mod-transmog', 21, 'frFR', 'Gérer les ensembles'),
('mod-transmog', 21, 'deDE', 'Sets verwalten'),
('mod-transmog', 21, 'zhCN', '管理套装'),
('mod-transmog', 21, 'zhTW', '管理套裝'),
('mod-transmog', 21, 'esES', 'Administrar conjuntos'),
('mod-transmog', 21, 'esMX', 'Administrar conjuntos'),
('mod-transmog', 21, 'ruRU', 'Управление комплектами'),
-- ID 22: REMOVETRANSMOG
('mod-transmog', 22, 'koKR', '모든 변형 제거'),
('mod-transmog', 22, 'frFR', 'Supprimer toutes les transmogrifications'),
('mod-transmog', 22, 'deDE', 'Alle Transmogrifikationen entfernen'),
('mod-transmog', 22, 'zhCN', '移除所有幻化'),
('mod-transmog', 22, 'zhTW', '移除所有幻化'),
('mod-transmog', 22, 'esES', 'Eliminar todas las transfiguraciones'),
('mod-transmog', 22, 'esMX', 'Eliminar todas las transfiguraciones'),
('mod-transmog', 22, 'ruRU', 'Удалить все трансмогрификации'),
-- ID 23: REMOVETRANSMOG_ASK
('mod-transmog', 23, 'koKR', '장착한 모든 아이템의 변형을 제거합니까?'),
('mod-transmog', 23, 'frFR', 'Supprimer les transmogrifications de tous les objets équipés ?'),
('mod-transmog', 23, 'deDE', 'Transmogrifikationen von allen ausgerüsteten Gegenständen entfernen?'),
('mod-transmog', 23, 'zhCN', '是否要从所有已装备的物品中移除幻化？'),
('mod-transmog', 23, 'zhTW', '從所有已裝備物品中移除幻化？'),
('mod-transmog', 23, 'esES', '¿Eliminar las transfiguraciones de todos los objetos equipados?'),
('mod-transmog', 23, 'esMX', '¿Eliminar las transfiguraciones de todos los objetos equipados?'),
('mod-transmog', 23, 'ruRU', 'Удалить трансмогрификации со всех экипированных предметов?'),
-- ID 24: UPDATEMENU
('mod-transmog', 24, 'koKR', '메뉴 업데이트'),
('mod-transmog', 24, 'frFR', 'Mettre à jour le menu'),
('mod-transmog', 24, 'deDE', 'Menü aktualisieren'),
('mod-transmog', 24, 'zhCN', '更新菜单'),
('mod-transmog', 24, 'zhTW', '更新選單'),
('mod-transmog', 24, 'esES', 'Actualizar menú'),
('mod-transmog', 24, 'esMX', 'Actualizar menú'),
('mod-transmog', 24, 'ruRU', 'Обновить меню'),
-- ID 25: HOWSETSWORK
('mod-transmog', 25, 'koKR', '세트는 어떻게 작동합니까?'),
('mod-transmog', 25, 'frFR', 'Comment fonctionnent les ensembles ?'),
('mod-transmog', 25, 'deDE', 'Wie funktionieren Sets?'),
('mod-transmog', 25, 'zhCN', '套装是如何运作的？'),
('mod-transmog', 25, 'zhTW', '套裝如何運作？'),
('mod-transmog', 25, 'esES', '¿Cómo funcionan los conjuntos?'),
('mod-transmog', 25, 'esMX', '¿Cómo funcionan los conjuntos?'),
('mod-transmog', 25, 'ruRU', 'Как работают комплекты?'),
-- ID 26: SAVESET
('mod-transmog', 26, 'koKR', '세트 저장'),
('mod-transmog', 26, 'frFR', 'Sauvegarder l''ensemble'),
('mod-transmog', 26, 'deDE', 'Set speichern'),
('mod-transmog', 26, 'zhCN', '保存套装'),
('mod-transmog', 26, 'zhTW', '儲存套裝'),
('mod-transmog', 26, 'esES', 'Guardar conjunto'),
('mod-transmog', 26, 'esMX', 'Guardar conjunto'),
('mod-transmog', 26, 'ruRU', 'Сохранить комплект'),
-- ID 27: BACK
('mod-transmog', 27, 'koKR', '뒤로...'),
('mod-transmog', 27, 'frFR', 'Retour...'),
('mod-transmog', 27, 'deDE', 'Zurück...'),
('mod-transmog', 27, 'zhCN', '返回...'),
('mod-transmog', 27, 'zhTW', '返回...'),
('mod-transmog', 27, 'esES', 'Atrás...'),
('mod-transmog', 27, 'esMX', 'Atrás...'),
('mod-transmog', 27, 'ruRU', 'Назад...'),
-- ID 28: USESET
('mod-transmog', 28, 'koKR', '이 세트를 사용'),
('mod-transmog', 28, 'frFR', 'Utiliser cet ensemble'),
('mod-transmog', 28, 'deDE', 'Dieses Set verwenden'),
('mod-transmog', 28, 'zhCN', '使用此套装'),
('mod-transmog', 28, 'zhTW', '使用此套裝'),
('mod-transmog', 28, 'esES', 'Usar este conjunto'),
('mod-transmog', 28, 'esMX', 'Usar este conjunto'),
('mod-transmog', 28, 'ruRU', 'Использовать этот комплект'),
-- ID 29: CONFIRM_USESET
('mod-transmog', 29, 'koKR', '이 세트를 변형에 사용하면 변형된 아이템이 계정에 제한되어 환불 및 거래가 불가능합니다.\n계속하시겠습니까?\n\n'),
('mod-transmog', 29, 'frFR', 'En utilisant cet ensemble pour la transmogrification, les objets transmogrifiés seront liés à votre personnage et deviendront non remboursables et non échangeables.\nVoulez-vous continuer ?\n\n'),
('mod-transmog', 29, 'deDE', 'Wenn du dieses Set für die Transmogrifikation verwendest, werden die transmogrifizierten Gegenstände an dich gebunden und können nicht erstattet oder gehandelt werden.\nMöchtest du fortfahren?\n\n'),
('mod-transmog', 29, 'zhCN', '将此套装用于幻化将使幻化后的物品与您绑定，并使其不可退还和不可交易。\n您是否要继续？\n\n'),
('mod-transmog', 29, 'zhTW', '使用此套裝進行幻化將使幻化後的物品與您綁定，並使其無法退款和無法交易。\n您是否希望繼續？\n\n'),
('mod-transmog', 29, 'esES', 'Usar este conjunto para transfigurar vinculará los objetos transfigurados a ti y los volverá no reembolsables y no intercambiables.\n¿Deseas continuar?\n\n'),
('mod-transmog', 29, 'esMX', 'Usar este conjunto para transfigurar vinculará los objetos transfigurados a ti y los volverá no reembolsables y no intercambiables.\n¿Deseas continuar?\n\n'),
('mod-transmog', 29, 'ruRU', 'Использование этого комплекта для трансмогрификации привяжет трансмогрифицированные предметы к вам и сделает их неподлежащими возврату и обмену.\nЖелаете продолжить?\n\n'),
-- ID 30: DELETESET
('mod-transmog', 30, 'koKR', '세트 삭제'),
('mod-transmog', 30, 'frFR', 'Supprimer l''ensemble'),
('mod-transmog', 30, 'deDE', 'Set löschen'),
('mod-transmog', 30, 'zhCN', '删除套装'),
('mod-transmog', 30, 'zhTW', '刪除套裝'),
('mod-transmog', 30, 'esES', 'Eliminar conjunto'),
('mod-transmog', 30, 'esMX', 'Eliminar conjunto'),
('mod-transmog', 30, 'ruRU', 'Удалить комплект'),
-- ID 31: CONFIRM_DELETESET
('mod-transmog', 31, 'koKR', '을(를) 삭제하시겠습니까 '),
('mod-transmog', 31, 'frFR', 'Êtes-vous sûr de vouloir supprimer '),
('mod-transmog', 31, 'deDE', 'Möchten Sie wirklich löschen '),
('mod-transmog', 31, 'zhCN', '您确定要删除吗 '),
('mod-transmog', 31, 'zhTW', '您確定要刪除 '),
('mod-transmog', 31, 'esES', '¿Estás seguro de que quieres eliminar '),
('mod-transmog', 31, 'esMX', '¿Estás seguro de que quieres eliminar '),
('mod-transmog', 31, 'ruRU', 'Вы уверены, что хотите удалить '),
-- ID 32: INSERTSETNAME
('mod-transmog', 32, 'koKR', '세트 이름 입력'),
('mod-transmog', 32, 'frFR', 'Insérer le nom de l''ensemble'),
('mod-transmog', 32, 'deDE', 'Set-Namen einfügen'),
('mod-transmog', 32, 'zhCN', '插入套装名称'),
('mod-transmog', 32, 'zhTW', '輸入套裝名稱'),
('mod-transmog', 32, 'esES', 'Insertar nombre del conjunto'),
('mod-transmog', 32, 'esMX', 'Insertar nombre del conjunto'),
('mod-transmog', 32, 'ruRU', 'Введите имя комплекта'),
-- ID 33: SEARCH
('mod-transmog', 33, 'koKR', '검색...'),
('mod-transmog', 33, 'frFR', 'Rechercher...'),
('mod-transmog', 33, 'deDE', 'Suche...'),
('mod-transmog', 33, 'zhCN', '搜索...'),
('mod-transmog', 33, 'zhTW', '搜索...'),
('mod-transmog', 33, 'esES', 'Buscar...'),
('mod-transmog', 33, 'esMX', 'Buscar...'),
('mod-transmog', 33, 'ruRU', 'Поиск...'),
-- ID 34: SEARCHING_FOR
('mod-transmog', 34, 'koKR', '검색 중: '),
('mod-transmog', 34, 'frFR', 'Recherche en cours: '),
('mod-transmog', 34, 'deDE', 'Suche nach: '),
('mod-transmog', 34, 'zhCN', '正在搜索： '),
('mod-transmog', 34, 'zhTW', '正在搜尋：'),
('mod-transmog', 34, 'esES', 'Buscando:'),
('mod-transmog', 34, 'esMX', 'Buscando: '),
('mod-transmog', 34, 'ruRU', 'Поиск: '),
-- ID 35: SEARCH_FOR_ITEM
('mod-transmog', 35, 'koKR', '어떤 아이템을 찾으시겠습니까?'),
('mod-transmog', 35, 'frFR', 'Rechercher quel objet ?'),
('mod-transmog', 35, 'deDE', 'Nach welchem Gegenstand suchen?'),
('mod-transmog', 35, 'zhCN', '搜索哪个物品？'),
('mod-transmog', 35, 'zhTW', '搜索哪個物品？'),
('mod-transmog', 35, 'esES', '¿Buscar un objeto?'),
('mod-transmog', 35, 'esMX', '¿Buscar un objeto?'),
('mod-transmog', 35, 'ruRU', 'Поиск предмета:'),
-- ID 36: CONFIRM_HIDE_ITEM
('mod-transmog', 36, 'koKR', '이 슬롯에 아이템을 감추고 있습니다.\n계속하시겠습니까?\n\n'),
('mod-transmog', 36, 'frFR', 'Vous masquez l''objet dans cet emplacement.\nVoulez-vous continuer ?\n\n'),
('mod-transmog', 36, 'deDE', 'Du versteckst das Item in diesem Slot.\nMöchtest du fortfahren?\n\n'),
('mod-transmog', 36, 'zhCN', '您正在隐藏此槽中的物品。\n您是否要继续？\n\n'),
('mod-transmog', 36, 'zhTW', '您正在隱藏此槽中的物品。\n您是否希望繼續？\n\n'),
('mod-transmog', 36, 'esES', 'Estás ocultando el objeto en esta ranura.\n¿Deseas continuar?\n\n'),
('mod-transmog', 36, 'esMX', 'Estás ocultando el objeto en esta ranura.\n¿Deseas continuar?\n\n'),
('mod-transmog', 36, 'ruRU', 'Вы скрываете предмет в этом слоте.\nЖелаете продолжить?\n\n'),
-- ID 37: HIDESLOT
('mod-transmog', 37, 'koKR', '슬롯 숨기기'),
('mod-transmog', 37, 'frFR', 'Cacher l''emplacement'),
('mod-transmog', 37, 'deDE', 'Slot verbergen'),
('mod-transmog', 37, 'zhCN', '隐藏槽位'),
('mod-transmog', 37, 'zhTW', '隱藏槽位'),
('mod-transmog', 37, 'esES', 'Ocultar ranura'),
('mod-transmog', 37, 'esMX', 'Ocultar ranura'),
('mod-transmog', 37, 'ruRU', 'Скрыть слот'),
-- ID 38: REMOVETRANSMOG_SLOT
('mod-transmog', 38, 'koKR', '해당 슬롯의 형상변환을 제거합니까?'),
('mod-transmog', 38, 'frFR', 'Supprimer la transmogrification de l''emplacement ?'),
('mod-transmog', 38, 'deDE', 'Transmogrifikation aus dem Slot entfernen?'),
('mod-transmog', 38, 'zhCN', '是否要从该槽位中移除幻化？'),
('mod-transmog', 38, 'zhTW', '從該槽位移除幻化？'),
('mod-transmog', 38, 'esES', '¿Eliminar la transfiguración del espacio?'),
('mod-transmog', 38, 'esMX', '¿Eliminar la transfiguración del espacio?'),
('mod-transmog', 38, 'ruRU', 'Удалить трансмогрификацию из ячейки?'),
-- ID 39: CONFIRM_USEITEM
('mod-transmog', 39, 'koKR', '이 아이템을 변형에 사용하면 계정에 제한되어 환불 및 거래가 불가능하게 됩니다.\n계속하시겠습니까?\n\n'),
('mod-transmog', 39, 'frFR', 'En utilisant cet objet pour la transmogrification, il sera lié à votre personnage et deviendra non remboursable et non échangeable.\nVoulez-vous continuer ?\n\n'),
('mod-transmog', 39, 'deDE', 'Wenn du diesen Gegenstand für die Transmogrifikation verwendest, wird er an dich gebunden und kann nicht erstattet oder gehandelt werden.\nMöchtest du fortfahren?\n\n'),
('mod-transmog', 39, 'zhCN', '将此物品用于幻化将使其与您绑定，并使其不可退还和不可交易。\n您是否要继续？\n\n'),
('mod-transmog', 39, 'zhTW', '使用此物品進行幻化將使其與您綁定，並使其無法退款和無法交易。\n您是否希望繼續？\n\n'),
('mod-transmog', 39, 'esES', 'Usar este objeto para transfigurar lo vinculará a ti y lo volverá no reembolsable y no intercambiable.\n¿Deseas continuar?\n\n'),
('mod-transmog', 39, 'esMX', 'Usar este objeto para transfigurar lo vinculará a ti y lo volverá no reembolsable y no intercambiable.\n¿Deseas continuar?\n\n'),
('mod-transmog', 39, 'ruRU', 'Использование этого предмета для трансмогрификации привяжет его к вам и сделает его неподлежащим возврату и обмену.\nЖелаете продолжить?\n\n'),
-- ID 40: PREVIOUS_PAGE
('mod-transmog', 40, 'koKR', '이전 페이지'),
('mod-transmog', 40, 'frFR', 'Page précédente'),
('mod-transmog', 40, 'deDE', 'Vorherige Seite'),
('mod-transmog', 40, 'zhCN', '上一页'),
('mod-transmog', 40, 'zhTW', '上一頁'),
('mod-transmog', 40, 'esES', 'Página anterior'),
('mod-transmog', 40, 'esMX', 'Página anterior'),
('mod-transmog', 40, 'ruRU', 'Предыдущая страница'),
-- ID 41: NEXT_PAGE
('mod-transmog', 41, 'koKR', '다음 페이지'),
('mod-transmog', 41, 'frFR', 'Page suivante'),
('mod-transmog', 41, 'deDE', 'Nächste Seite'),
('mod-transmog', 41, 'zhCN', '下一页'),
('mod-transmog', 41, 'zhTW', '下一頁'),
('mod-transmog', 41, 'esES', 'Página siguiente'),
('mod-transmog', 41, 'esMX', 'Página siguiente'),
('mod-transmog', 41, 'ruRU', 'Следующая страница'),
-- ID 42: ADDED_APPEARANCE
('mod-transmog', 42, 'koKR', '이(가) 외형 컬렉션에 추가되었습니다.'),
('mod-transmog', 42, 'frFR', 'a été ajouté(e) à votre collection d''apparences.'),
('mod-transmog', 42, 'deDE', 'wurde deiner Transmog-Sammlung hinzugefügt.'),
('mod-transmog', 42, 'zhCN', '已添加到外观收藏中。'),
('mod-transmog', 42, 'zhTW', '已加入您的外觀收藏。'),
('mod-transmog', 42, 'esES', 'se ha añadido a tu colección de apariencias.'),
('mod-transmog', 42, 'esMX', 'se ha agregado a tu colección de apariencias.'),
('mod-transmog', 42, 'ruRU', 'был добавлен в вашу коллекцию обликов.'),

('mod-transmog', 43, 'koKR', '|cFF4DB3FF변형 중에는 아이템 툴팁에 세트 보너스가 표시되지 않지만, 여전히 완전히 활성화되어 있습니다.\n이 알림을 중지하려면 |cFFFFFFFF.transmog disclaimer off|cFF4DB3FF 을 입력하세요.|r'),
('mod-transmog', 43, 'frFR', '|cFF4DB3FFLes bonus de set n''apparaîtront pas dans l''info-bulle de l''objet lors de la transmogrification, mais ils restent pleinement actifs.\nPour arrêter d''afficher cette notice, tapez |cFFFFFFFF.transmog disclaimer off|cFF4DB3FF.|r'),
('mod-transmog', 43, 'deDE', '|cFF4DB3FFSetboni werden in der Gegenstandsbeschreibung während der Transmogrifizierung nicht angezeigt, sind aber weiterhin voll aktiv.\nUm diesen Hinweis zu deaktivieren, gib |cFFFFFFFF.transmog disclaimer off|cFF4DB3FF ein.|r'),
('mod-transmog', 43, 'zhCN', '|cFF4DB3FF幻化后物品提示中不会显示套装加成，但套装加成仍然完全有效。\n若要停止显示此提示，请输入 |cFFFFFFFF.transmog disclaimer off|cFF4DB3FF。|r'),
('mod-transmog', 43, 'zhTW', '|cFF4DB3FF幻化後物品提示中不會顯示套裝加成，但套裝加成仍然完全有效。\n若要停止顯示此提示，請輸入 |cFFFFFFFF.transmog disclaimer off|cFF4DB3FF。|r'),
('mod-transmog', 43, 'esES', '|cFF4DB3FFLas bonificaciones de conjunto no aparecerán en la descripción del objeto mientras esté transfigurado, pero siguen activas.\nPara dejar de ver este aviso, escribe |cFFFFFFFF.transmog disclaimer off|cFF4DB3FF.|r'),
('mod-transmog', 43, 'esMX', '|cFF4DB3FFLas bonificaciones de conjunto no aparecerán en la descripción del objeto mientras esté transfigurado, pero siguen activas.\nPara dejar de ver este aviso, escribe |cFFFFFFFF.transmog disclaimer off|cFF4DB3FF.|r'),
('mod-transmog', 43, 'ruRU', '|cFF4DB3FFБонусы набора не будут отображаться в подсказке предмета при трансмогрификации, но они по-прежнему полностью активны.\nЧтобы скрыть это уведомление, введите |cFFFFFFFF.transmog disclaimer off|cFF4DB3FF.|r'),

('mod-transmog', 44, 'koKR', '세트 보너스 알림이 활성화되었습니다.'),
('mod-transmog', 44, 'frFR', 'Avertissement de bonus de set activé.'),
('mod-transmog', 44, 'deDE', 'Setbonus-Hinweis aktiviert.'),
('mod-transmog', 44, 'zhCN', '套装加成提示已启用。'),
('mod-transmog', 44, 'zhTW', '套裝加成提示已啟用。'),
('mod-transmog', 44, 'esES', 'Aviso de bonificación de conjunto activado.'),
('mod-transmog', 44, 'esMX', 'Aviso de bonificación de conjunto activado.'),
('mod-transmog', 44, 'ruRU', 'Уведомление о бонусах набора включено.'),

('mod-transmog', 45, 'koKR', '세트 보너스 알림이 비활성화되었습니다.'),
('mod-transmog', 45, 'frFR', 'Avertissement de bonus de set désactivé.'),
('mod-transmog', 45, 'deDE', 'Setbonus-Hinweis deaktiviert.'),
('mod-transmog', 45, 'zhCN', '套装加成提示已禁用。'),
('mod-transmog', 45, 'zhTW', '套裝加成提示已禁用。'),
('mod-transmog', 45, 'esES', 'Aviso de bonificación de conjunto desactivado.'),
('mod-transmog', 45, 'esMX', 'Aviso de bonificación de conjunto desactivado.'),
('mod-transmog', 45, 'ruRU', 'Уведомление о бонусах набора отключено.');

DELETE FROM `command` WHERE `name` IN ('transmog', 'transmog add', 'transmog sync', 'transmog add set', 'transmog portable', 'transmog interface', 'transmog disclaimer');
INSERT INTO `command` (`name`, `security`, `help`) VALUES
('transmog', 0, 'Syntax: .transmog <on/off>\nAllows seeing transmogrified items and the transmogrifier NPC.'),
('transmog add', 1, 'Syntax: .transmog add $player $item\nAdds an item to a player\'s appearance collection.'),
('transmog sync', 0, 'Syntax: .transmog sync\nSyncs transmog addon appearances with the server.'),
('transmog add set', 1, 'Syntax: .transmog add set $player $itemSet\nAdds items of an item set to a player\'s appearance collection.'),
('transmog portable', 1, 'Syntax: .transmog portable \nSummons the Ethereal Warpweaver, a portable version of the transmogrification NPC.'),
('transmog interface', 1, 'Syntax: .transmog interface <on/off>\nEnables transmogrifier "vendor" interface, allowing appearance previews.\nDISCLAIMER: If you have too many appearances, some will not be displayed due to a client limitation. In that case, disable this option.'),
('transmog disclaimer', 0, 'Syntax: .transmog disclaimer <on/off>\nToggles the set bonus disclaimer notice shown when transmogrifying set items.');
